first_name,last_name,address
Reynaldo,Gibbs,"4 Addison Street, Uniontown, PA 15401"
Jamir,Sutton,"71 Galvin St., Panama City, FL 32404"
Carolyn,Sparks,"910 Clay Rd., Baldwin, NY 11510"
Allen,Becker,"40 Glen Eagles St., Saint Augustine, FL 32084"
Johnny,Hurley,"95 West Carson Drive, New Lenox, IL 60451"
Elaina,Coffey,"396 N. Schoolhouse Street, Decatur, GA 30030"
Case,Crosby,"7227 St Margarets Lane, West Islip, NY 11795"
Lizeth,Woodard,"20 Smith Store Avenue, Hicksville, NY 11801"
Cameron,West,"7650 Laurel Street, Billerica, MA 01821"
Alayna,Tucker,"74 Harrison Street, Rowlett, TX 75088"
Tripp,Coffey,"670 Poor House Ave., Algonquin, IL 60102"
Adriana,Carroll,"73 Third Ave., Woodstock, GA 30188"
Brenna,Riley,"87 Big Rock Cove Street, Ankeny, IA 50023"
Jadiel,Osborn,"491 Broad St., Levittown, NY 11756"
Elvis,Browning,"15 Nichols Ave., Ridgefield, CT 06877"
Makenna,Hughes,"7368 Union Ave., Grandville, MI 49418"
Audrina,Blevins,"7457 Garden Drive, Valley Stream, NY 11580"
Jocelynn,Hopkins,"512 Thorne Lane, Lawrence, MA 01841"
Jay,Hebert,"778 Maple St., Deer Park, NY 11729"
Kane,Maxwell,"942 Birchwood Ave., Glenview, IL 60025"
Eddie,Harvey,"250 Aspen Street, Suitland, MD 20746"
Katherine,Glenn,"99 Sulphur Springs St., Lithonia, GA 30038"
Meghan,Owens,"9358 E. Paris Hill Ave., Elkton, MD 21921"
Jamari,Silva,"8703 Amerige Street, Faribault, MN 55021"
Valentina,Taylor,"972 Williams Street, Danville, VA 24540"
Timothy,Mckay,"692 Jones St., Columbus, GA 31904"
Kennedi,Santiago,"862 Wakehurst Dr., Moorhead, MN 56560"
Muhammad,Giles,"3 East Sage Court, West Chicago, IL 60185"
Elijah,Mcbride,"652 Henry Court, Baltimore, MD 21206"
Teagan,Richards,"7565 King Rd., Rockaway, NJ 07866"
Santos,Kennedy,"68 Cedar Ave., Cranston, RI 02920"
Jacqueline,Pruitt,"8 South Sulphur Springs Avenue, Manassas, VA 20109"
Ernesto,Franco,"9142 West Roehampton Rd., Potomac, MD 20854"
Neil,Ayers,"7872 High Ridge Drive, Scarsdale, NY 10583"
Maggie,Vargas,"44 Rockaway Dr., Indiana, PA 15701"
Jan,Lozano,"7402 Old Trout Circle, Somerset, NJ 08873"
Mark,Schmidt,"9511 Sussex Street, Hopewell, VA 23860"
Kailyn,Mejia,"7522 Lafayette Street, Ames, IA 50010"
Frida,Becker,"29 Pierce Drive, Stamford, CT 06902"
Gary,Ayers,"91 Wood Street, Fremont, OH 43420"
Leonel,Beck,"46 Forest St., Vernon Rockville, CT 06066"
Darion,Brown,"8219 Del Monte St., Neenah, WI 54956"
Brynn,Fuller,"9282 Shore Court, Spring Valley, NY 10977"
Hudson,Long,"9606 E. Glen Creek Lane, Davison, MI 48423"
Madisyn,Salinas,"7510 Green Lake Dr., Clermont, FL 34711"
Eleanor,Whitney,"569 Columbia St., Bonita Springs, FL 34135"
Jacob,Hopkins,"212 West Tarkiln Hill Drive, Germantown, MD 20874"
Ezekiel,Morse,"9131 E. Wall Court, Westbury, NY 11590"
Rigoberto,Jenkins,"342 Wintergreen Drive, Salisbury, MD 21801"
Carlee,Gallagher,"576 Honey Creek Dr., Mesa, AZ 85203"
Patricia,Bates,"9028 King Ave., Asheville, NC 28803"
Keyon,Higgins,"592 Plymouth St., Traverse City, MI 49684"
Cecelia,Gould,"722 Redwood Circle, Pewaukee, WI 53072"
Camila,Strong,"84 Gartner Lane, Austin, MN 55912"
Rudy,Coleman,"79 East 53rd Lane, Englewood, NJ 07631"
Frankie,Coleman,"17 Queen Ave., Naples, FL 34116"
Ayaan,Miranda,"402 Hickory Street, Erie, PA 16506"
Roger,Mccarty,"14 Penn St., Cookeville, TN 38501"
Renee,Rivera,"83 Helen Ave., Jacksonville, NC 28540"
India,Velazquez,"8861 Beechwood Dr., Spartanburg, SC 29301"
Avery,Charles,"765 Jockey Hollow St., La Vergne, TN 37086"
Kamari,Pham,"8888 East Edgewater Drive, Lake In The Hills, IL 60156"
Braelyn,Woodard,"7785 East Sage Street, Enterprise, AL 36330"
Lillianna,Contreras,"8201 Wood Rd., Stockbridge, GA 30281"
Zane,Christensen,"9826 Clark Ave., Fond Du Lac, WI 54935"
Patricia,Zimmerman,"8979 Peachtree Road, Greensburg, PA 15601"
Jamiya,Hughes,"3 Marconi Dr., Trumbull, CT 06611"
Isaias,Barton,"421 Mayfair St., Milwaukee, WI 53204"
Lyla,Knight,"126 St Margarets Ave., Royersford, PA 19468"
Jaylyn,Chavez,"492B N. Vernon Drive, Paramus, NJ 07652"
Jamir,Oneal,"547 W. Lakeview Lane, Santa Monica, CA 90403"
Lucas,Armstrong,"12 Cardinal Street, Pikesville, MD 21208"
Quinten,Stein,"19 Alderwood Ave., Feasterville Trevose, PA 19053"
Thomas,Bridges,"9335 Ivy Circle, Basking Ridge, NJ 07920"
Zavier,Russell,"8520 Princeton St., Manchester, NH 03102"
Dominic,Mack,"454 Trusel Rd., North Wales, PA 19454"
Philip,Robbins,"412 Beach Street, Lititz, PA 17543"
Zaiden,Kent,"9009 Vine Lane, Alpharetta, GA 30004"
Karsyn,Norris,"875 Dunbar Street, Danbury, CT 06810"
Mason,Nichols,"58 Grant St., Windsor Mill, MD 21244"
Ashlee,Page,"83 Woodsman Lane, Mount Pleasant, SC 29464"
Gabriel,Reeves,"550 SE. Anderson St., Boca Raton, FL 33428"
Leanna,Andrade,"51 Pacific St., Lady Lake, FL 32159"
Wilson,Reynolds,"7800 Smith Road, North Tonawanda, NY 14120"
Brogan,Osborne,"900 County Street, North Fort Myers, FL 33917"
Dayton,Blackwell,"876 Pennsylvania Road, Ozone Park, NY 11417"
Mayra,Fry,"8112 Grandrose Court, Lawrence Township, NJ 08648"
Jovan,Hickman,"90 South Lake View Drive, South El Monte, CA 91733"
Serena,Gates,"276 Homestead Drive, Maspeth, NY 11378"
Isabella,Parker,"739 Alton Drive, Oconomowoc, WI 53066"
Sheldon,Sawyer,"221 Water St., Hummelstown, PA 17036"
Jadon,Orr,"9387 East Colonial Ave., Ann Arbor, MI 48103"
Brooks,Dunn,"355 Columbia St., Tualatin, OR 97062"
Jasmine,Beltran,"21 East Parker Ave., Painesville, OH 44077"
Jayda,Everett,"9069 University St., Wellington, FL 33414"
Elsa,Chase,"9811 Primrose Drive, Union City, NJ 07087"
Van,Simmons,"9 East Pine Rd., Muskegon, MI 49441"
Ally,Proctor,"13 Glenholme Street, Port Saint Lucie, FL 34952"
Chana,Wilkerson,"684 Beacon Lane, Natchez, MS 39120"
Cara,Moore,"8835 Delaware Street, Oceanside, NY 11572"