serial_number,iid
2naXKPya,12
3jRWptYH,13
4jFQm7qj,14
6ZDnSTCD,15
6hq42tUj,16
7BvPSYy8,17
7b7ithnt,18
7wnSUTBJ,19
8ddyxwoo,20
A5iP9Mr4,21
AziDdjiM,22
B5wGaqDe,23
BG9aWdw2,24
BYE7x7Pp,25
C9xATNuu,26
CbKvjgtH,27
DSTWDKxe,28
DWdhbipR,29
DaCkrdYx,30
DhAXNrwh,31
Drb54wpf,32
Duc2YpoH,33
E8Gm5398,34
Fab24wjY,35
GygLgZqW,36
HA4WAFHB,37
HumXsyGC,38
KjBXQZeE,39
KsKVNmWD,40
Lr5R9twX,41
NuCFzmx2,42
PErEPbzb,43
PGMHtGAd,44
PeFmcpNQ,45
PjA4tKCj,46
Qi6ZhRu8,47
RN9uB7RZ,48
SJyo54TM,49
SRheKR3J,50
SU6G5cRs,51
Toq7fHak,52
Ukh2eMTD,53
VCfPwpoK,54
VgLg6qZd,55
W7t2voiw,56
XJBsqENt,57
XUEx3Eef,58
XrQ8BRqs,59
XxTWSxDb,60
Y9mQPXjG,61
YNn2NsvK,62
YnekiNx4,63
ZNDvZRAA,64
ZryK85Uk,65
aAVRu8LB,66
agDChwGd,67
bBzwxEdx,68
bEncQFCz,69
bYservBg,70
beYP3Ac5,71
byGq7iAE,72
cGNvFsrY,73
chHxC4hC,74
covroJmA,75
d6BobTDe,76
dVWVSYLS,77
evVGcPih,78
f33euz4i,79
f89nkrG5,80
fVH45GFf,81
gTTNzKoJ,82
h9PjPQUy,83
hNpSq7KX,84
hYroD9bx,85
hf7igjN6,86
i8Q5QTKc,87
mqteTaqq,88
nCHEYZRq,89
nRipcRgq,90
nidKq9CC,91
pntjqmZt,92
qw4bCXcw,93
rbHkeMqB,94
sXiySPSa,95
saeWWRt2,96
t6UXue69,97
tss5qBKA,98
vQ6UBUdr,99
wLrFNTjT,100
xBE3uxgg,101
xCxHJbXD,102
xMcxioXp,103
xcjZHmQc,104
xeYjvF22,105
xkZKZtd4,106
y8QxyoHg,107
yVo3bs8V,108
yt2peVAN,109
zZ842vLc,110
zcVVvKdB,111
