serial_number,warehouse
2naXKPya,Ryder Supply Chain Solutions
3jRWptYH,Ryder Supply Chain Solutions
4jFQm7qj,Ryder Supply Chain Solutions
6ZDnSTCD,Ryder Supply Chain Solutions
6hq42tUj,DHL Supply Chain North America
7BvPSYy8,DHL Supply Chain North America
7b7ithnt,DHL Supply Chain North America
7wnSUTBJ,DHL Supply Chain North America
8ddyxwoo,DHL Supply Chain North America
A5iP9Mr4,DSC Logistics
AziDdjiM,DB Schenker Logistics Americas
B5wGaqDe,Penske Logistics
BG9aWdw2,FedEx Supply Chain
BYE7x7Pp,FedEx Supply Chain
C9xATNuu,FedEx Supply Chain
CbKvjgtH,FedEx Supply Chain
DSTWDKxe,FedEx Supply Chain
DWdhbipR,FedEx Supply Chain
DaCkrdYx,FedEx Supply Chain
DhAXNrwh,FedEx Supply Chain
Drb54wpf,FedEx Supply Chain
Duc2YpoH,FedEx Supply Chain
E8Gm5398,FedEx Supply Chain
Fab24wjY,FedEx Supply Chain
GygLgZqW,FedEx Supply Chain
HA4WAFHB,UPS Supply Chain Solutions
HumXsyGC,UPS Supply Chain Solutions
KjBXQZeE,UPS Supply Chain Solutions
KsKVNmWD,UPS Supply Chain Solutions
Lr5R9twX,UPS Supply Chain Solutions
NuCFzmx2,UPS Supply Chain Solutions
PErEPbzb,UPS Supply Chain Solutions
PGMHtGAd,APL Logistics North America
PeFmcpNQ,APL Logistics North America
PjA4tKCj,APL Logistics North America
Qi6ZhRu8,APL Logistics North America
RN9uB7RZ,APL Logistics North America
SJyo54TM,APL Logistics North America
SRheKR3J,APL Logistics North America
SU6G5cRs,APL Logistics North America
Toq7fHak,DB Schenker Logistics Americas
Ukh2eMTD,DB Schenker Logistics Americas
VCfPwpoK,DB Schenker Logistics Americas
VgLg6qZd,DB Schenker Logistics Americas
W7t2voiw,DB Schenker Logistics Americas
XJBsqENt,DB Schenker Logistics Americas
XUEx3Eef,DB Schenker Logistics Americas
XrQ8BRqs,XPO Logistics
XxTWSxDb,XPO Logistics
Y9mQPXjG,XPO Logistics
YNn2NsvK,XPO Logistics
YnekiNx4,XPO Logistics
ZNDvZRAA,XPO Logistics
ZryK85Uk,XPO Logistics
aAVRu8LB,XPO Logistics
agDChwGd,XPO Logistics
bBzwxEdx,XPO Logistics
bEncQFCz,Saddle Creek Logistics Services
bYservBg,Saddle Creek Logistics Services
beYP3Ac5,Saddle Creek Logistics Services
byGq7iAE,Saddle Creek Logistics Services
cGNvFsrY,Saddle Creek Logistics Services
chHxC4hC,Saddle Creek Logistics Services
covroJmA,Saddle Creek Logistics Services
d6BobTDe,Saddle Creek Logistics Services
dVWVSYLS,Saddle Creek Logistics Services
evVGcPih,Saddle Creek Logistics Services
f33euz4i,Saddle Creek Logistics Services
f89nkrG5,Saddle Creek Logistics Services
fVH45GFf,Saddle Creek Logistics Services
gTTNzKoJ,Saddle Creek Logistics Services
h9PjPQUy,"Warehouse Services, Inc."
hNpSq7KX,"Warehouse Services, Inc."
hYroD9bx,"Warehouse Services, Inc."
hf7igjN6,"Warehouse Services, Inc."
i8Q5QTKc,"Warehouse Services, Inc."
mqteTaqq,"Warehouse Services, Inc."
nCHEYZRq,"Warehouse Services, Inc."
nRipcRgq,"Warehouse Services, Inc."
nidKq9CC,"Warehouse Services, Inc."
pntjqmZt,"Warehouse Services, Inc."
qw4bCXcw,"Warehouse Services, Inc."
rbHkeMqB,"Warehouse Services, Inc."
sXiySPSa,"Warehouse Services, Inc."
saeWWRt2,"Warehouse Services, Inc."
t6UXue69,"Warehouse Services, Inc."
tss5qBKA,Radial
vQ6UBUdr,Radial
wLrFNTjT,Radial
xBE3uxgg,Radial
xCxHJbXD,Radial
xMcxioXp,Radial
xcjZHmQc,Radial
xeYjvF22,Radial
xkZKZtd4,Radial
y8QxyoHg,Radial
yVo3bs8V,Radial
yt2peVAN,Radial
zZ842vLc,Radial
zcVVvKdB,Radial